experiment,variant,n,median_ns,p99_ns,min_ns,mean_ns,iters,ops,bytes_touched,notes,params,extra
factorized,naive_pairs,200,14400,15500,13200,14162.5,8,40000,640000,materializes every matching pair,"{""groups"":1,""pairs"":40000,""per"":200}","{""result"":27395000}"
factorized,hashjoin_then_pairs,200,14400,15700,13400,14362.5,8,40000,640000,join matching does not remove the product expansion,"{""groups"":1,""per"":200}","{""result"":27395000}"
factorized,factorized_sums,200,100,106,100,100.5,12,400,3200,sum(A)*sum(B) per group; pairs never exist,"{""groups"":1,""pairs_avoided"":40000,""per"":200}","{""result"":27395000}"
factorized,incremental_insert_a,200,0,0,0,0.0,20,1,32,insert x into A is O(1) per group: sum_a += x,"{""groups"":1,""per"":200}","{""result"":865369697}"
factorized,naive_pairs,800,216000,241100,211600,222462.5,8,640000,10240000,materializes every matching pair,"{""groups"":1,""pairs"":640000,""per"":800}","{""result"":408362940}"
factorized,hashjoin_then_pairs,800,235400,244200,214700,232825.0,8,640000,10240000,join matching does not remove the product expansion,"{""groups"":1,""per"":800}","{""result"":408362940}"
factorized,factorized_sums,800,425,425,400,420.8333333333333,12,1600,12800,sum(A)*sum(B) per group; pairs never exist,"{""groups"":1,""pairs_avoided"":640000,""per"":800}","{""result"":408362940}"
factorized,incremental_insert_a,800,1,1,0,0.8,20,1,32,insert x into A is O(1) per group: sum_a += x,"{""groups"":1,""per"":800}","{""result"":3496282110}"
factorized,naive_pairs,2000,1827700,1882500,1382200,1751850.0,8,4000000,64000000,materializes every matching pair,"{""groups"":1,""pairs"":4000000,""per"":2000}","{""result"":2606504987}"
factorized,hashjoin_then_pairs,2000,1900300,2259000,1567000,1839462.5,8,4000000,64000000,join matching does not remove the product expansion,"{""groups"":1,""per"":2000}","{""result"":2606504987}"
factorized,factorized_sums,2000,1000,3300,1000,1216.6666666666667,12,4000,32000,sum(A)*sum(B) per group; pairs never exist,"{""groups"":1,""pairs_avoided"":4000000,""per"":2000}","{""result"":2606504987}"
factorized,incremental_insert_a,2000,0,1,0,0.2,20,1,32,insert x into A is O(1) per group: sum_a += x,"{""groups"":1,""per"":2000}","{""result"":10426633520}"
factorized,naive_pairs,5000,10509300,13610400,9293700,10818862.5,8,25000000,400000000,materializes every matching pair,"{""groups"":1,""pairs"":25000000,""per"":5000}","{""result"":15870099084}"
factorized,hashjoin_then_pairs,5000,9267800,11220600,8447100,9296250.0,8,25000000,400000000,join matching does not remove the product expansion,"{""groups"":1,""per"":5000}","{""result"":15870099084}"
factorized,factorized_sums,5000,2300,2400,2300,2308.3333333333335,12,10000,80000,sum(A)*sum(B) per group; pairs never exist,"{""groups"":1,""pairs_avoided"":25000000,""per"":5000}","{""result"":15870099084}"
factorized,incremental_insert_a,5000,0,0,0,0.0,20,1,32,insert x into A is O(1) per group: sum_a += x,"{""groups"":1,""per"":5000}","{""result"":34922514480}"
factorized,naive_pairs,8000,26903400,28375100,24799800,26725062.5,8,64000000,1024000000,materializes every matching pair,"{""groups"":1,""pairs"":64000000,""per"":8000}","{""result"":40425089832}"
factorized,hashjoin_then_pairs,8000,31752600,35450400,29868500,31929012.5,8,64000000,1024000000,join matching does not remove the product expansion,"{""groups"":1,""per"":8000}","{""result"":40425089832}"
factorized,factorized_sums,8000,4700,4700,4600,4683.333333333333,12,16000,128000,sum(A)*sum(B) per group; pairs never exist,"{""groups"":1,""pairs_avoided"":64000000,""per"":8000}","{""result"":40425089832}"
factorized,incremental_insert_a,8000,1,1,1,1.0,20,1,32,insert x into A is O(1) per group: sum_a += x,"{""groups"":1,""per"":8000}","{""result"":70992736641}"
factorized,naive_pairs,16000,12551900,15119400,11062600,12763000.0,8,32000000,512000000,materializes every matching pair,"{""groups"":8,""pairs"":32000000,""per"":2000}","{""result"":20231850286}"
factorized,hashjoin_then_pairs,16000,11983800,13838700,11369000,12173837.5,8,32000000,512000000,join matching does not remove the product expansion,"{""groups"":8,""per"":2000}","{""result"":20231850286}"
factorized,factorized_sums,16000,9000,9100,8900,9000.0,12,32000,256000,sum(A)*sum(B) per group; pairs never exist,"{""groups"":8,""pairs_avoided"":32000000,""per"":2000}","{""result"":20231850286}"
factorized,incremental_insert_a,16000,6,7,6,6.05,20,8,256,insert x into A is O(1) per group: sum_a += x,"{""groups"":8,""per"":2000}","{""result"":35667130706}"
factorized,factorized_sums,50000,33200,73800,31400,37408.333333333336,12,100000,800000,sum(A)*sum(B) per group; pairs never exist,"{""groups"":1,""pairs_avoided"":2500000000,""per"":50000}","{""result"":1574666407314}"
factorized,incremental_insert_a,50000,1,1,1,1.0,20,1,32,insert x into A is O(1) per group: sum_a += x,"{""groups"":1,""per"":50000}","{""result"":1766439952641}"
factorized,factorized_sums,500000,318100,1105400,301700,455775.0,12,1000000,8000000,sum(A)*sum(B) per group; pairs never exist,"{""groups"":1,""pairs_avoided"":250000000000,""per"":500000}","{""result"":156210211900224}"
factorized,incremental_insert_a,500000,1,1,1,1.0,20,1,32,insert x into A is O(1) per group: sum_a += x,"{""groups"":1,""per"":500000}","{""result"":158122731079536}"
factorized,factorized_sums,5000000,4816200,8354600,4205800,5710433.333333333,12,10000000,80000000,sum(A)*sum(B) per group; pairs never exist,"{""groups"":1,""pairs_avoided"":25000000000000,""per"":5000000}","{""result"":15633275675105440}"
factorized,incremental_insert_a,5000000,0,0,0,0.0,20,1,32,insert x into A is O(1) per group: sum_a += x,"{""groups"":1,""per"":5000000}","{""result"":15652393972228120}"
factorized,inseparable_negative_control,1500,2708200,3238200,2628900,2775100.0,6,2250000,54000000,XOR coupling prevents factorization; expansion is required,"{""pairs"":2250000}","{""result"":1292608181426}"
answer_cells,brute_scan_pareto,20000,139740100,142686700,125505400,136927033.33333334,6,240000000,3840000000,full scan per parameterized ranking,"{""cells"":2,""queries"":12000}","{""xor"":63}"
answer_cells,cell_lookup_pareto,20000,60000,80100,55200,61100.0,10,12000,384000,O(log cells) exact winner; no data scan,"{""cells"":2,""queries"":12000}","{""cells"":2,""xor"":63}"
answer_cells,mixed_small_drift_pareto,20000,162300,196400,153100,167900.0,4,12000,0,certificate reused until drift consumes the gap,"{""cells"":2,""mag"":0.002,""queries"":12000,""update_frac"":0.05}","{""hit_rate"":1.0,""hits"":12000,""misses"":0,""rebuilds"":0,""xor"":63}"
answer_cells,mixed_large_drift_pareto,20000,1844203800,1856363300,1767443500,1821528825.0,4,12000,0,certificate reused until drift consumes the gap,"{""cells"":2,""mag"":3.0,""queries"":12000,""update_frac"":0.05}","{""hit_rate"":0.95,""hits"":11400,""misses"":600,""rebuilds"":600,""xor"":62}"
answer_cells,brute_scan_random,20000,244453700,254764400,227640400,240052683.33333334,6,240000000,3840000000,full scan per parameterized ranking,"{""cells"":7,""queries"":12000}","{""xor"":7589}"
answer_cells,cell_lookup_random,20000,26100,27000,23700,25410.0,10,12000,384000,O(log cells) exact winner; no data scan,"{""cells"":7,""queries"":12000}","{""cells"":7,""xor"":7589}"
answer_cells,mixed_small_drift_random,20000,67042000,73052300,61031500,66913425.0,4,12000,0,certificate reused until drift consumes the gap,"{""cells"":7,""mag"":0.002,""queries"":12000,""update_frac"":0.05}","{""hit_rate"":0.9984166666666666,""hits"":11981,""misses"":19,""rebuilds"":19,""xor"":7589}"
answer_cells,mixed_large_drift_random,20000,2086691300,2087859400,2048926600,2073385725.0,4,12000,0,certificate reused until drift consumes the gap,"{""cells"":7,""mag"":3.0,""queries"":12000,""update_frac"":0.05}","{""hit_rate"":0.95,""hits"":11400,""misses"":600,""rebuilds"":600,""xor"":7589}"
answer_cells,brute_scan_near_tie,20000,260482300,267077500,241334100,256888650.0,6,240000000,3840000000,full scan per parameterized ranking,"{""cells"":7,""queries"":12000}","{""xor"":15671}"
answer_cells,cell_lookup_near_tie,20000,23600,24700,23400,23740.0,10,12000,384000,O(log cells) exact winner; no data scan,"{""cells"":7,""queries"":12000}","{""cells"":7,""xor"":15671}"
answer_cells,mixed_small_drift_near_tie,20000,2078087000,2301810100,2009372000,2114732275.0,4,12000,0,certificate reused until drift consumes the gap,"{""cells"":7,""mag"":0.002,""queries"":12000,""update_frac"":0.05}","{""hit_rate"":0.95,""hits"":11400,""misses"":600,""rebuilds"":600,""xor"":15671}"
answer_cells,mixed_large_drift_near_tie,20000,2098110200,2127471500,2064794700,2094174900.0,4,12000,0,certificate reused until drift consumes the gap,"{""cells"":7,""mag"":3.0,""queries"":12000,""update_frac"":0.05}","{""hit_rate"":0.95,""hits"":11400,""misses"":600,""rebuilds"":600,""xor"":15671}"
executable_regions,materialized_bulk_add,10000,3600,31700,3500,9220.0,5,10000,80000,N scalar writes per bulk operation,"{""k"":100}","{""sum"":32255872}"
executable_regions,compact_bulk_add,10000,0,0,0,0.0,30,1,8,one adjustment increment; N writes never happen,"{""k"":100}","{""adj"":12834500,""sum"":128370255872}"
executable_regions,compact_point_lookup_4k,10000,4600,4700,4600,4608.333333333333,12,4000,96000,evaluate base+adj-birth+exc per lookup,"{""lookups"":4000}","{""sum"":9899140}"
executable_regions,materialized_point_lookup_4k,10000,2100,2200,2100,2116.6666666666665,12,4000,32000,direct load of current scalar,"{""lookups"":4000}","{""sum"":9899140}"
executable_regions,compact_filter_scan,10000,5300,5400,5300,5325.0,8,10000,80000,bulk adj is free; filter still touches every base unless an index exists,"{""adj"":100,""threshold"":2500}","{""count"":5289}"
executable_regions,materialized_bulk_add,200000,67600,76800,67200,69360.0,5,200000,1600000,N scalar writes per bulk operation,"{""k"":100}","{""sum"":645699541}"
executable_regions,compact_bulk_add,200000,0,0,0,0.0,30,1,8,one adjustment increment; N writes never happen,"{""k"":100}","{""adj"":12834500,""sum"":2567405699541}"
executable_regions,compact_point_lookup_4k,200000,5800,5800,5700,5783.333333333333,12,4000,96000,evaluate base+adj-birth+exc per lookup,"{""lookups"":4000}","{""sum"":9980536}"
executable_regions,materialized_point_lookup_4k,200000,5800,7900,4600,5916.666666666667,12,4000,32000,direct load of current scalar,"{""lookups"":4000}","{""sum"":9980536}"
executable_regions,compact_filter_scan,200000,106300,126700,104500,109137.5,8,200000,1600000,bulk adj is free; filter still touches every base unless an index exists,"{""adj"":100,""threshold"":2500}","{""count"":105251}"
executable_regions,materialized_bulk_add,2000000,1954000,4966700,1796300,2875120.0,5,2000000,16000000,N scalar writes per bulk operation,"{""k"":100}","{""sum"":6450808726}"
executable_regions,compact_bulk_add,2000000,0,0,0,0.0,30,1,8,one adjustment increment; N writes never happen,"{""k"":100}","{""adj"":12834500,""sum"":25674050808726}"
executable_regions,compact_point_lookup_4k,2000000,10500,10700,10300,10475.0,12,4000,96000,evaluate base+adj-birth+exc per lookup,"{""lookups"":4000}","{""sum"":10030813}"
executable_regions,materialized_point_lookup_4k,2000000,5700,6600,5500,5816.666666666667,12,4000,32000,direct load of current scalar,"{""lookups"":4000}","{""sum"":10030813}"
executable_regions,compact_filter_scan,2000000,1433700,2447800,1068800,1416100.0,8,2000000,16000000,bulk adj is free; filter still touches every base unless an index exists,"{""adj"":100,""threshold"":2500}","{""count"":1050860}"
executable_regions,materialized_bulk_add,20000000,31291000,36113900,28789200,31647480.0,5,20000000,160000000,N scalar writes per bulk operation,"{""k"":100}","{""sum"":64490876126}"
executable_regions,compact_bulk_add,20000000,0,0,0,0.0,30,1,8,one adjustment increment; N writes never happen,"{""k"":100}","{""adj"":12834500,""sum"":256740490876126}"
executable_regions,compact_point_lookup_4k,20000000,19200,22800,19000,19741.666666666668,12,4000,96000,evaluate base+adj-birth+exc per lookup,"{""lookups"":4000}","{""sum"":9967211}"
executable_regions,materialized_point_lookup_4k,20000000,17000,20700,16600,17591.666666666668,12,4000,32000,direct load of current scalar,"{""lookups"":4000}","{""sum"":9967211}"
executable_regions,compact_filter_scan,20000000,19815000,23255000,19497300,20278025.0,8,20000000,160000000,bulk adj is free; filter still touches every base unless an index exists,"{""adj"":100,""threshold"":2500}","{""count"":10502169}"
executable_regions,exception_density_sum,500000,0,0,0,0.0,10,1,32,compact form wins while exceptions stay sparse,"{""density"":0.0,""exceptions"":0,""map_bytes_est"":0}","{""sum"":500000000}"
executable_regions,exception_density_sum,500000,0,0,0,0.0,10,1,120032,compact form wins while exceptions stay sparse,"{""density"":0.01,""exceptions"":5000,""map_bytes_est"":120000}","{""sum"":500020000}"
executable_regions,exception_density_sum,500000,0,0,0,0.0,10,1,1200032,compact form wins while exceptions stay sparse,"{""density"":0.1,""exceptions"":50000,""map_bytes_est"":1200000}","{""sum"":500200000}"
executable_regions,exception_density_sum,500000,0,0,0,0.0,10,1,12000032,compact form wins while exceptions stay sparse,"{""density"":1.0,""exceptions"":500000,""map_bytes_est"":12000000}","{""sum"":502000000}"
progressive,full_scan_clustered,20000000,9365500,10283500,7405200,8926900.0,6,20000000,80000000,decode every u32,"{""selectivity"":0.99998045,""t"":1000000}","{""count"":19999609}"
progressive,bucket_scalar_clustered,20000000,20321700,24613800,18706400,20607166.666666668,6,20000000,40000000,16-bit bounds first; residual on boundary bucket only,"{""selectivity"":0.99998045,""t"":1000000}","{""count"":19999609}"
progressive,bucket_avx2_clustered,20000000,35504800,36021600,34326900,35267366.666666664,6,20000000,40000000,per-row 16-bit bounds; still one access per record,"{""selectivity"":0.99998045,""t"":1000000}","{""count"":19999609}"
progressive,block_bounds_clustered,20000000,35400,40000,33100,35650.0,6,20000000,4096,one min/max per 1024-row block; skip or accept whole blocks,"{""blocks"":19532,""blocks_pruned"":19531,""selectivity"":0.99998045,""t"":1000000}","{""blocks_pruned"":19531,""count"":19999609}"
progressive,full_scan_clustered,20000000,8503600,10428700,7219900,8568116.666666666,6,20000000,80000000,decode every u32,"{""selectivity"":0.7998392,""t"":1010000}","{""count"":15996784}"
progressive,bucket_scalar_clustered,20000000,21061600,21174900,18472500,20392166.666666668,6,20000000,40000000,16-bit bounds first; residual on boundary bucket only,"{""selectivity"":0.7998392,""t"":1010000}","{""count"":15996784}"
progressive,bucket_avx2_clustered,20000000,34437200,36325900,33899700,34638850.0,6,20000000,40000000,per-row 16-bit bounds; still one access per record,"{""selectivity"":0.7998392,""t"":1010000}","{""count"":15996784}"
progressive,block_bounds_clustered,20000000,25500,26500,25500,25683.333333333332,6,20000000,4096,one min/max per 1024-row block; skip or accept whole blocks,"{""blocks"":19532,""blocks_pruned"":19531,""selectivity"":0.7998392,""t"":1010000}","{""blocks_pruned"":19531,""count"":15996784}"
progressive,full_scan_clustered,20000000,8252700,9448600,7856900,8426333.333333334,6,20000000,80000000,decode every u32,"{""selectivity"":0.4998881,""t"":1025000}","{""count"":9997762}"
progressive,bucket_scalar_clustered,20000000,21530800,22276400,19305000,20917516.666666668,6,20000000,40000000,16-bit bounds first; residual on boundary bucket only,"{""selectivity"":0.4998881,""t"":1025000}","{""count"":9997762}"
progressive,bucket_avx2_clustered,20000000,37921600,41902400,36278300,38306250.0,6,20000000,40000000,per-row 16-bit bounds; still one access per record,"{""selectivity"":0.4998881,""t"":1025000}","{""count"":9997762}"
progressive,block_bounds_clustered,20000000,24500,24600,24400,24483.333333333332,6,20000000,4096,one min/max per 1024-row block; skip or accept whole blocks,"{""blocks"":19532,""blocks_pruned"":19531,""selectivity"":0.4998881,""t"":1025000}","{""blocks_pruned"":19531,""count"":9997762}"
progressive,full_scan_clustered,20000000,10472600,11770000,8193800,9874883.333333334,6,20000000,80000000,decode every u32,"{""selectivity"":0.0,""t"":2000000}","{""count"":0}"
progressive,bucket_scalar_clustered,20000000,14459300,15053000,12878300,14036766.666666666,6,20000000,40000000,16-bit bounds first; residual on boundary bucket only,"{""selectivity"":0.0,""t"":2000000}","{""count"":0}"
progressive,bucket_avx2_clustered,20000000,13130000,14541300,10865100,12969333.333333334,6,20000000,40000000,per-row 16-bit bounds; still one access per record,"{""selectivity"":0.0,""t"":2000000}","{""count"":0}"
progressive,block_bounds_clustered,20000000,22600,22700,22500,22566.666666666668,6,20000000,0,one min/max per 1024-row block; skip or accept whole blocks,"{""blocks"":19532,""blocks_pruned"":19532,""selectivity"":0.0,""t"":2000000}","{""blocks_pruned"":19532,""count"":0}"
progressive,argmin_full_clustered,20000000,23329500,23904700,19712200,22527800.0,6,20000000,80000000,full value scan,{},"{""i"":0}"
progressive,argmin_bounds_clustered,20000000,27439400,32625800,22884100,27153200.0,6,20000000,40000000,skip buckets whose min cannot beat current best,{},"{""i"":0}"
progressive,full_scan_spread,20000000,10679200,12423100,7160900,10221083.333333334,6,20000000,80000000,decode every u32,"{""selectivity"":0.999996,""t"":1000}","{""count"":19999920}"
progressive,bucket_scalar_spread,20000000,18718900,20480700,17391100,18968500.0,6,20000000,40000000,16-bit bounds first; residual on boundary bucket only,"{""selectivity"":0.999996,""t"":1000}","{""count"":19999920}"
progressive,bucket_avx2_spread,20000000,13979600,14780900,12646100,13679333.333333334,6,20000000,40000000,per-row 16-bit bounds; still one access per record,"{""selectivity"":0.999996,""t"":1000}","{""count"":19999920}"
progressive,block_bounds_spread,20000000,47700,47900,47600,47716.666666666664,6,20000000,327680,one min/max per 1024-row block; skip or accept whole blocks,"{""blocks"":19532,""blocks_pruned"":19452,""selectivity"":0.999996,""t"":1000}","{""blocks_pruned"":19452,""count"":19999920}"
progressive,full_scan_spread,20000000,10268900,13381700,7451200,9869133.333333334,6,20000000,80000000,decode every u32,"{""selectivity"":0.9962839,""t"":1000000}","{""count"":19925678}"
progressive,bucket_scalar_spread,20000000,18223900,19444400,17201900,18118466.666666668,6,20000000,40000000,16-bit bounds first; residual on boundary bucket only,"{""selectivity"":0.9962839,""t"":1000000}","{""count"":19925678}"
progressive,bucket_avx2_spread,20000000,14245500,15723900,12109500,13679450.0,6,20000000,40000000,per-row 16-bit bounds; still one access per record,"{""selectivity"":0.9962839,""t"":1000000}","{""count"":19925678}"
progressive,block_bounds_spread,20000000,10331400,13722900,6422600,9650416.666666666,6,20000000,78123008,one min/max per 1024-row block; skip or accept whole blocks,"{""blocks"":19532,""blocks_pruned"":459,""selectivity"":0.9962839,""t"":1000000}","{""blocks_pruned"":459,""count"":19925678}"
progressive,full_scan_spread,20000000,11626500,13028600,6481000,10906800.0,6,20000000,80000000,decode every u32,"{""selectivity"":0.8136946,""t"":50000000}","{""count"":16273892}"
progressive,bucket_scalar_spread,20000000,49877200,51136000,45451800,48626216.666666664,6,20000000,40000000,16-bit bounds first; residual on boundary bucket only,"{""selectivity"":0.8136946,""t"":50000000}","{""count"":16273892}"
progressive,bucket_avx2_spread,20000000,14018700,15572000,12233800,14057633.333333334,6,20000000,40000000,per-row 16-bit bounds; still one access per record,"{""selectivity"":0.8136946,""t"":50000000}","{""count"":16273892}"
progressive,block_bounds_spread,20000000,10597900,11160200,8356400,9949200.0,6,20000000,80003072,one min/max per 1024-row block; skip or accept whole blocks,"{""blocks"":19532,""blocks_pruned"":0,""selectivity"":0.8136946,""t"":50000000}","{""blocks_pruned"":0,""count"":16273892}"
progressive,full_scan_spread,20000000,11901000,12452000,6599000,9723266.666666666,6,20000000,80000000,decode every u32,"{""selectivity"":0.25476795,""t"":200000000}","{""count"":5095359}"
progressive,bucket_scalar_spread,20000000,65174600,70773100,59884300,64952883.333333336,6,20000000,40000000,16-bit bounds first; residual on boundary bucket only,"{""selectivity"":0.25476795,""t"":200000000}","{""count"":5095359}"
progressive,bucket_avx2_spread,20000000,14519200,16553300,11236800,14057650.0,6,20000000,40000000,per-row 16-bit bounds; still one access per record,"{""selectivity"":0.25476795,""t"":200000000}","{""count"":5095359}"
progressive,block_bounds_spread,20000000,11152600,11924900,6623600,9647150.0,6,20000000,80003072,one min/max per 1024-row block; skip or accept whole blocks,"{""blocks"":19532,""blocks_pruned"":0,""selectivity"":0.25476795,""t"":200000000}","{""blocks_pruned"":0,""count"":5095359}"
progressive,argmin_full_spread,20000000,21942600,26504900,20653500,22256550.0,6,20000000,80000000,full value scan,{},"{""i"":17670535}"
progressive,argmin_bounds_spread,20000000,16622400,17275000,14071800,16105700.0,6,20000000,40000000,skip buckets whose min cannot beat current best,{},"{""i"":17670535}"
certificate,merge_overlap,2000000,17517400,22373800,16265800,18286366.666666668,6,3148587,25188696,must inspect both inputs; certificate ≈ input,"{""out"":619484}","{""out"":619484}"
certificate,gallop_overlap,2000000,15127400,17304200,13301200,14931583.333333334,6,1574067,25185072,galloping loses when output is dense,"{""out"":619484}","{""out"":619484}"
certificate,merge_sparse,2000000,1704100,4620400,1630900,2196962.5,8,1881056,15048448,merge still walks the large side,"{""out"":189,""small"":189}","{""out"":189}"
certificate,gallop_sparse,2000000,8100,8500,8000,8116.666666666667,12,189,12096,work tracks small side + log jumps,"{""out"":189,""small"":189}","{""out"":189}"
certificate,merge_disjoint_range,2000000,2116300,4933900,1778300,2593250.0,6,4000000,32000000,empty result still walks until one side ends,"{""out"":0}","{""out"":0}"
certificate,bound_certificate_disjoint,2000000,0,0,0,0.0,40,2,16,two extrema prove empty intersection,"{""out"":1}","{""disjoint"":true}"
certificate,merge_interleaved_empty,2000000,24462400,29998000,22278300,25120160.0,5,4000000,32000000,"empty result, but bounds overlap; merge is the certificate","{""out"":0}","{""bound_lies"":false,""out"":0}"
wcoj,leapfrog_two_cliques_40,80,90100,138500,87900,99660.0,5,1560,24960,intersect neighbor lists; AGM-style,"{""edges"":1560,""triangles"":19760}","{""triangles"":19760}"
wcoj,binary_expand_two_cliques_40,80,299400,424000,298100,340500.0,3,121680,1460160,R⋈S materializes two-hop pairs then probes T,"{""edges"":1560,""triangles"":19760,""two_hop"":121680}","{""intermediates"":19760,""triangles"":19760}"
wcoj,leapfrog_two_cliques_70,140,406800,413100,405100,407480.0,5,4830,77280,intersect neighbor lists; AGM-style,"{""edges"":4830,""triangles"":109480}","{""triangles"":109480}"
wcoj,binary_expand_two_cliques_70,140,1854800,2046300,1676600,1859233.3333333333,3,666540,7998480,R⋈S materializes two-hop pairs then probes T,"{""edges"":4830,""triangles"":109480,""two_hop"":666540}","{""intermediates"":109480,""triangles"":109480}"
wcoj,leapfrog_er_200_p0.03,200,31900,38900,28500,32960.0,5,556,8896,intersect neighbor lists; AGM-style,"{""edges"":556,""triangles"":39}","{""triangles"":39}"
wcoj,binary_expand_er_200_p0.03,200,54300,55200,54200,54566.666666666664,3,7426,89112,R⋈S materializes two-hop pairs then probes T,"{""edges"":556,""triangles"":39,""two_hop"":7426}","{""intermediates"":1125,""triangles"":39}"
wcoj,leapfrog_er_300_p0.02,300,68200,71300,62900,68180.0,5,941,15056,intersect neighbor lists; AGM-style,"{""edges"":941,""triangles"":46}","{""triangles"":46}"
wcoj,binary_expand_er_300_p0.02,300,96500,96500,96400,96466.66666666667,3,13930,167160,R⋈S materializes two-hop pairs then probes T,"{""edges"":941,""triangles"":46,""two_hop"":13930}","{""intermediates"":1986,""triangles"":46}"
wcoj,leapfrog_bipartite_150,300,4143300,4796200,3290000,3978780.0,5,22558,360928,intersect neighbor lists; AGM-style,"{""edges"":22558,""triangles"":8700}","{""triangles"":8700}"
wcoj,binary_expand_bipartite_150,300,1750100,2290500,1639700,1893433.3333333333,3,6785012,81420144,R⋈S materializes two-hop pairs then probes T,"{""edges"":22558,""triangles"":8700,""two_hop"":6785012}","{""intermediates"":8714,""triangles"":8700}"
wcoj,leapfrog_bipartite_250,500,18298200,19488100,16514000,18348380.0,5,62580,1001280,intersect neighbor lists; AGM-style,"{""edges"":62580,""triangles"":20000}","{""triangles"":20000}"
wcoj,binary_expand_bipartite_250,500,15728400,16048900,13813000,15196766.666666666,3,31330284,375963408,R⋈S materializes two-hop pairs then probes T,"{""edges"":62580,""triangles"":20000,""two_hop"":31330284}","{""intermediates"":20015,""triangles"":20000}"
coordination,global_cas,400000,71674400,76935900,68375700,71515375.0,4,1280000,20480000,every reserve contends on one counter,"{""left"":0,""ok"":400000,""per"":80000,""soldout"":880000,""threads"":16}","{""left"":0,""ok"":400000,""soldout"":880000}"
coordination,quota_restock_1,400000,48449100,49700500,46666700,47881750.0,4,1280000,0,local rights until restock; leftover quota can strand units,"{""left"":0,""ok"":400000,""per"":80000,""restock"":1,""soldout"":880000,""stranded_or_false_soldout"":0,""threads"":16}","{""left"":0,""ok"":400000,""soldout"":880000}"
coordination,quota_restock_16,400000,48581700,51952500,47343800,49105150.0,4,1280000,0,local rights until restock; leftover quota can strand units,"{""left"":0,""ok"":400000,""per"":80000,""restock"":16,""soldout"":880000,""stranded_or_false_soldout"":0,""threads"":16}","{""left"":0,""ok"":400000,""soldout"":880000}"
coordination,quota_restock_256,400000,48469600,48492700,45558200,47640950.0,4,1280000,0,local rights until restock; leftover quota can strand units,"{""left"":0,""ok"":400000,""per"":80000,""restock"":256,""soldout"":880000,""stranded_or_false_soldout"":0,""threads"":16}","{""left"":0,""ok"":400000,""soldout"":880000}"
coordination,quota_restock_4096,400000,50215300,52217200,45418600,48936025.0,4,1280000,0,local rights until restock; leftover quota can strand units,"{""left"":0,""ok"":400000,""per"":80000,""restock"":4096,""soldout"":880000,""stranded_or_false_soldout"":0,""threads"":16}","{""left"":0,""ok"":400000,""soldout"":880000}"
redundancy,sum_from_a_and_b,8000000,10296500,11460300,6638900,9369216.666666666,6,16000000,128000000,read both source blocks,{},"{""sum"":-1422612513}"
redundancy,sum_from_coded_c,8000000,4176200,7976600,3284700,5016400.0,6,8000000,64000000,"parity block is the elementwise sum, same width as a source",{},"{""sum"":-1422612513}"
redundancy,filter_sum_from_sources,8000000,9274800,12787400,7653900,9706983.333333334,6,16000000,128000000,predicate on A+B still needs both sources without C,"{""t"":0}","{""sum"":2666896605961}"
redundancy,filter_sum_from_coded_c,8000000,7546600,10798500,4215700,6939316.666666667,6,8000000,64000000,same predicate against the recovery block,"{""t"":0}","{""sum"":2666896605961}"
redundancy,filter_a_only_negative_control,8000000,7667700,9933900,5182000,7312116.666666667,6,8000000,64000000,C = A+B does not answer predicates on A; coded queryability is operator-specific,{},"{""count"":3999694}"
redundancy,recover_a_from_b_and_c,8000000,33622600,36293400,31109600,33469800.0,4,8000000,192000000,erasure repair cost of the same extra block,{},"{""checksum"":-1118654224}"
pgm,binary_linear,5000000,51501300,56259500,43114300,50960400.0,6,200000,12800000,classic sorted-array binary search,"{""queries"":200000}","{""xor"":3696485}"
pgm,pgm_linear,5000000,13031700,14904600,8844700,12502433.333333334,6,200000,9600000,linear CDF model + bounded correction window,"{""queries"":200000,""segments"":1}","{""bytes_model"":32,""segments"":1,""xor"":3696485}"
pgm,hash_linear,5000000,18113100,23816700,15254700,18309633.333333332,6,200000,12800000,"HashMap specialist: extra memory, O(1) expected","{""map_len"":5000000,""queries"":200000}","{""xor"":3696485}"
pgm,binary_gaps,5000000,56794300,60725300,50995000,55920000.0,6,200000,12800000,classic sorted-array binary search,"{""queries"":200000}","{""xor"":7952242}"
pgm,pgm_gaps,5000000,50716200,59887300,47077100,52084900.0,6,200000,9600000,linear CDF model + bounded correction window,"{""queries"":200000,""segments"":14562}","{""bytes_model"":465984,""segments"":14562,""xor"":7952242}"
pgm,hash_gaps,5000000,18484900,23651800,14658100,18785400.0,6,200000,12800000,"HashMap specialist: extra memory, O(1) expected","{""map_len"":5000000,""queries"":200000}","{""xor"":7952242}"
pgm,binary_clusters,5000000,60449500,65739300,51753600,58830483.333333336,6,200000,12800000,classic sorted-array binary search,"{""queries"":200000}","{""xor"":3141750}"
pgm,pgm_clusters,5000000,35278800,36367700,34671500,35411116.666666664,6,200000,9600000,linear CDF model + bounded correction window,"{""queries"":200000,""segments"":22228}","{""bytes_model"":711296,""segments"":22228,""xor"":3141750}"
pgm,hash_clusters,5000000,19628700,20303900,18430400,19374483.333333332,6,200000,12800000,"HashMap specialist: extra memory, O(1) expected","{""map_len"":5000000,""queries"":200000}","{""xor"":3141750}"
engine,row_scan_predicate,20000000,82764400,84999900,80889300,83036740.0,5,20000000,480000000,AoS: filter+project touches full rows,"{""count"":14968961,""min_price"":2500}","{""count"":14968961,""sum"":93541164451}"
engine,col_scan_scalar,20000000,58528700,66241900,56564300,59639040.0,5,20000000,160000000,SoA: only the two referenced columns,"{""count"":14968961,""min_price"":2500}","{""count"":14968961,""sum"":93541164451}"
engine,col_scan_avx2,20000000,78153400,82044300,76482100,79082500.0,5,20000000,160000000,"same columns, vectorized remaining work","{""count"":14968961,""min_price"":2500}","{""count"":14968961,""sum"":93541164451}"
engine,lookup_4k_independent_bsearch,1000000,287200,3003800,271900,805100.0,10,4000,256000,"4,000 separate binary searches","{""k"":4000}","{""xor"":686366}"
engine,lookup_4k_sorted_merge,1000000,467300,519700,464300,474820.0,10,4000,0,"sort keys, one forward scan of the id column","{""k"":4000}","{""xor"":506146}"
engine,lookup_4k_direct_id,1000000,3700,3800,3600,3675.0,16,4000,16000,"dense primary key: 4,000 direct loads","{""k"":4000}","{""sum"":33482579738}"
engine,lookup_4k_independent_bsearch,20000000,1268200,2855800,941900,1517010.0,10,4000,256000,"4,000 separate binary searches","{""k"":4000}","{""xor"":8161387}"
engine,lookup_4k_sorted_merge,20000000,17421500,21045700,16223800,18069000.0,10,4000,0,"sort keys, one forward scan of the id column","{""k"":4000}","{""xor"":13064758}"
engine,lookup_4k_direct_id,20000000,12600,21100,12200,13275.0,16,4000,16000,"dense primary key: 4,000 direct loads","{""k"":4000}","{""sum"":688693265911}"
engine,payload_bound,4000,0,0,0,0.0,1,4000,1024000,network payload lower bound; independent of engine speed,"{""bytes_per_row"":256,""ms_at_10gbit_ideal"":0.8191999999999999,""ms_at_1gbit_ideal"":8.192,""total_bytes"":1024000}",{}
engine,payload_bound,4000,0,0,0,0.0,1,4000,16384000,network payload lower bound; independent of engine speed,"{""bytes_per_row"":4096,""ms_at_10gbit_ideal"":13.107199999999999,""ms_at_1gbit_ideal"":131.072,""total_bytes"":16384000}",{}
shared_state,rescan_each_query,500000,2701100,2930500,2565900,2700133.3333333335,6,4000000,32000000,no shared state: scan the key array once per query,"{""queries"":8}","{""sum"":9982}"
shared_state,private_counts,500000,1,1,1,1.0,10,8,79856,"each query stores its own match list (O(1) count, duplicated memory)","{""queries"":8,""retained_bytes"":79856}","{""retained_bytes"":79856,""sum"":9982}"
shared_state,shared_index_counts,500000,500,575,500,515.0,10,8,512,one sorted array serves every range,"{""index_bytes"":4000000,""queries"":8}","{""index_bytes"":4000000,""sum"":9982}"
shared_state,private_insert,500000,17,18,16,16.625,8,8,64,update fan-out = number of queries,"{""queries"":8}","{""sum"":9982}"
shared_state,shared_insert,500000,1020500,1421300,719800,1023375.0,8,1,24,one insert into the shared array; queries stay cheap. Vec insert is O(n).,"{""queries"":8}","{""sum"":9982}"
shared_state,rescan_each_query,500000,25331400,27655800,23388300,25187166.666666668,6,32000000,256000000,no shared state: scan the key array once per query,"{""queries"":64}","{""sum"":80762}"
shared_state,private_counts,500000,11,11,11,11.0,10,64,646096,"each query stores its own match list (O(1) count, duplicated memory)","{""queries"":64,""retained_bytes"":646096}","{""retained_bytes"":646096,""sum"":80762}"
shared_state,shared_index_counts,500000,6700,8400,6600,6960.0,10,64,4096,one sorted array serves every range,"{""index_bytes"":4000000,""queries"":64}","{""index_bytes"":4000000,""sum"":80760}"
shared_state,private_insert,500000,150,350,125,165.625,8,64,512,update fan-out = number of queries,"{""queries"":64}","{""sum"":80763}"
shared_state,shared_insert,500000,777900,1004900,701200,807912.5,8,1,24,one insert into the shared array; queries stay cheap. Vec insert is O(n).,"{""queries"":64}","{""sum"":80761}"
shared_state,rescan_each_query,500000,98892100,105603800,97775900,99750500.0,6,128000000,1024000000,no shared state: scan the key array once per query,"{""queries"":256}","{""sum"":320314}"
shared_state,private_counts,500000,62,62,62,62.0,10,256,2562512,"each query stores its own match list (O(1) count, duplicated memory)","{""queries"":256,""retained_bytes"":2562512}","{""retained_bytes"":2562512,""sum"":320314}"
shared_state,shared_index_counts,500000,27100,32500,26000,27220.0,10,256,16384,one sorted array serves every range,"{""index_bytes"":4000000,""queries"":256}","{""index_bytes"":4000000,""sum"":320312}"
shared_state,private_insert,500000,600,1900,500,887.5,8,256,2048,update fan-out = number of queries,"{""queries"":256}","{""sum"":320314}"
shared_state,shared_insert,500000,871700,977000,785000,876775.0,8,1,24,one insert into the shared array; queries stay cheap. Vec insert is O(n).,"{""queries"":256}","{""sum"":320312}"
shared_state,rescan_each_query,500000,423675600,426347800,414311600,422015950.0,6,512000000,4096000000,no shared state: scan the key array once per query,"{""queries"":1024}","{""sum"":1280048}"
shared_state,private_counts,500000,350,350,325,347.5,10,1024,10240384,"each query stores its own match list (O(1) count, duplicated memory)","{""queries"":1024,""retained_bytes"":10240384}","{""retained_bytes"":10240384,""sum"":1280048}"
shared_state,shared_index_counts,500000,129600,222900,106300,133290.0,10,1024,65536,one sorted array serves every range,"{""index_bytes"":4000000,""queries"":1024}","{""index_bytes"":4000000,""sum"":1280057}"
shared_state,private_insert,500000,3000,7100,2300,3562.5,8,1024,8192,update fan-out = number of queries,"{""queries"":1024}","{""sum"":1280051}"
shared_state,shared_insert,500000,1028200,1150000,873900,1020025.0,8,1,24,one insert into the shared array; queries stay cheap. Vec insert is O(n).,"{""queries"":1024}","{""sum"":1280060}"
joint,brute_materialized_scan,60000,1164811800,1175652700,1163696900,1167090180.0,5,900000000,14400000000,evaluate every product for every weight,"{""queries"":15000}","{""xor"":0}"
joint,joint_cells_over_bases,60000,83700,139300,79700,89730.0,10,15000,480000,envelope on bases; adj is invisible to ranking,"{""cells"":2,""queries"":15000}","{""cells"":2,""xor"":0}"
joint,joint_mixed_bulk_and_exceptions,60000,398189600,400877400,387303900,394588225.0,4,15000,0,bulk ops free for ranking; exception forces envelope rebuild,"{""bulk_every"":20,""exc_every"":400,""queries"":15000}","{""xor"":1}"
joint,brute_mixed_bulk_and_exceptions,60000,1550884500,1560790000,1548371400,1553348633.3333333,3,900000000,14400000000,"same mixed mutations, no certificate","{""queries"":15000}","{""xor"":1}"
joint,rebuild_on_irregular_updates,60000,2849318500,2881267400,2783081400,2837889100.0,3,15000,0,irregular per-row changes deny the bulk-adj identity; rebuild cost shows up,"{""queries"":15000}","{""xor"":0}"
correlation,full_columns_tight,8000000,7378700,10988500,3917100,6754516.666666667,6,8000000,128000000,scan stored delivery,"{""noise"":0.05,""resid_span"":0.050024800823898374,""selectivity"":0.332953625,""t"":40.0}","{""count"":2663629,""resid_span"":0.050024800823898374}"
correlation,model_prune_tight,8000000,9339800,10086000,7264000,8620483.333333334,6,8000000,64000000,global residual envelope; decode only the uncertain band,"{""noise"":0.05,""resid_span"":0.050024800823898374,""selectivity"":0.332953625,""t"":40.0}","{""count"":2663629}"
correlation,decode_all_tight,8000000,8289700,10394800,6689100,7962250.0,6,8000000,128000000,"lossless but reconstructs every delivery; storage win, scan not cheaper","{""noise"":0.05,""t"":40.0}","{""count"":2663629}"
correlation,block_bounds_tight,8000000,10800,11200,10700,10850.0,6,8000000,64000000,"min/max delivery per 1024-row block; same idea as progressive, on the stored column","{""noise"":0.05,""resid_span"":0.050024800823898374,""t"":40.0}","{""count"":2663629}"
correlation,full_columns_moderate,8000000,4755200,6173700,4670000,5121566.666666667,6,8000000,128000000,scan stored delivery,"{""noise"":4.0,""resid_span"":4.001984066375876,""selectivity"":0.30009925,""t"":40.0}","{""count"":2400794,""resid_span"":4.001984066375876}"
correlation,model_prune_moderate,8000000,10006500,11350700,7828100,9776583.333333334,6,8000000,64000000,global residual envelope; decode only the uncertain band,"{""noise"":4.0,""resid_span"":4.001984066375876,""selectivity"":0.30009925,""t"":40.0}","{""count"":2400794}"
correlation,decode_all_moderate,8000000,10315700,11697900,5814000,8674166.666666666,6,8000000,128000000,"lossless but reconstructs every delivery; storage win, scan not cheaper","{""noise"":4.0,""t"":40.0}","{""count"":2400794}"
correlation,block_bounds_moderate,8000000,166600,182700,119500,155100.0,6,8000000,64000000,"min/max delivery per 1024-row block; same idea as progressive, on the stored column","{""noise"":4.0,""resid_span"":4.001984066375876,""t"":40.0}","{""count"":2400794}"
correlation,full_columns_none,8000000,4347800,8182400,3439700,5219400.0,6,8000000,128000000,scan stored delivery,"{""noise"":80.0,""resid_span"":139.91456742400288,""selectivity"":0.0416465,""t"":40.0}","{""count"":333172,""resid_span"":139.91456742400288}"
correlation,model_prune_none,8000000,16818000,17664000,16245100,16911916.666666668,6,8000000,64000000,global residual envelope; decode only the uncertain band,"{""noise"":80.0,""resid_span"":139.91456742400288,""selectivity"":0.0416465,""t"":40.0}","{""count"":333172}"
correlation,decode_all_none,8000000,9351200,14177100,6546700,9678150.0,6,8000000,128000000,"lossless but reconstructs every delivery; storage win, scan not cheaper","{""noise"":80.0,""t"":40.0}","{""count"":333172}"
correlation,block_bounds_none,8000000,4448800,7835400,3552300,5320150.0,6,8000000,64000000,"min/max delivery per 1024-row block; same idea as progressive, on the stored column","{""noise"":80.0,""resid_span"":139.91456742400288,""t"":40.0}","{""count"":333172}"
